days_since_last_purchase,frequency,amount,TotalCustomer,label
157.96934865900383,2.1340996168582373,758.3369540229886,522,blue
71.19252336448598,2.7130841121495326,1059.9491887850477,1070,orange
247.22121896162528,1.4559819413092552,590.9907697516929,443,green
336.10309278350513,1.3573883161512028,650.050137457045,291,red
17.62524850894632,6.6973161033797215,3432.5237927435396,2012,purple
